,Unnamed: 0,City,title,company,salary,summary
0,0,"Cheyenne, WY",Receptionist/Administrative Assistant,Tyrrell Auto Centers,$12 - $25 an hour,"Perform other clerical receptionist duties such as filing, photocopying, transcribing and faxing.Answer, screen and forward incoming phone calls."
1,1,"Cheyenne, WY",Receptionist/Kennel Technician,Broadmoor East LLC,$12 - $14 an hour,"In this role, you do more than cleaning and disinfecting our kennels — you also learn animal care and behavior basics while assisting our team with…"
2,2,"Cheyenne, WY",Eye Technician,Cheyenne Eye Clinic,$16 - $18 an hour,Self-study is required to obtain/maintain ophthalmic technician certification within 18 months of employment.Answer and return phone calls and write scripts as…
3,3,"Cheyenne, WY",,Chipotle,,"Free food (yes, really FREE).Tuition assistance (100% coverage for select degrees or up to $5,250/year).Medical, dental, and vision insurance."
4,4,"Cheyenne, WY",Crew,Chipotle,,"Free food (yes, really FREE).Tuition assistance (100% coverage for select degrees or up to $5,250/year).Medical, dental, and vision insurance."
5,5,"Cheyenne, WY",Warehouse Distribution Team Member – All Shifts,Lowe's,,"Experience operating power equipment (e.g., forklift, reach truck, yard truck).Discounts available to various merchants and service providers including…"
6,6,"Cheyenne, WY",Warehouse Package Handler,FedEx Ground PH US,,FedEx Ground is hiring part-time and full-time individuals to load and unload packages in our fast-paced warehouse environment.
7,7,"Cheyenne, WY",Office Assistant I,State of Wyoming,$12.57 - $16.20 an hour,Knowledge of telephone etiquette and coordinating telephone and visitor traffic.The Interlibrary Loan Technician will spend a significant amount of time…
8,8,"Cheyenne, WY",Bookseller - Part-Time,Barnes & Noble,,"Ensure all customer transactions are processed accurately and in a timely manner.Greet and establish rapport with customers, proactively engaging them in…"
9,9,"Cheyenne, WY",eTeller,Blue Federal Credit Union,,"Promptly, accurately and efficiently process member financial transactions including but not limited to: deposits , withdrawals, check cashing , cash advances,…"
10,10,"Cheyenne, WY",Crew Member/Warehouse Team,Johnson Storage & Moving Co.,$15 - $21 an hour,"Cleans the truck or vehicle used during the move, after the move is completed.Display professional conduct, courtesy and manners, when entering and performing…"
11,11,"Cheyenne, WY",Career Opportunities,Bish's RV Cheyenne,,"Comprehensive benefits package including medical, vision, dental, and other supplemental coverages."
12,12,"Cheyenne, WY",TeleScribe,ScribeAmerica,,"Provide advanced support to providers, including documenting phone calls, alerting the physician when labs/radiology reports are complete, monitoring document…"
13,13,"Cheyenne, WY",Front Desk Associate,Fitness 307,$9 - $10 an hour,Several part time day and night shifts available with some weekends.Full time a possibility to the right candidate.
14,14,"Cheyenne, WY",CITY CARRIER ASSISTANT,United States Postal Service,$17.29 an hour,"DRIVING REQUIRED: Applicants must have a valid state driver’s license, a safe driving record, and at least two years of.Registered and certain insured mail."
15,15,"Cheyenne, WY",Receptionist/Administrative Assistant,Tyrrell Auto Centers,$12 - $25 an hour,"Perform other clerical receptionist duties such as filing, photocopying, transcribing and faxing.Answer, screen and forward incoming phone calls."
16,16,"Cheyenne, WY",Receptionist/Kennel Technician,Broadmoor East LLC,$12 - $14 an hour,"In this role, you do more than cleaning and disinfecting our kennels — you also learn animal care and behavior basics while assisting our team with…"
17,17,"Cheyenne, WY",Eye Technician,Cheyenne Eye Clinic,$16 - $18 an hour,Self-study is required to obtain/maintain ophthalmic technician certification within 18 months of employment.Answer and return phone calls and write scripts as…
18,18,"Cheyenne, WY","Case Manager, Community Corrections",CoreCivic,,A valid driver's license is required.Graduate from an accredited college or university with a Bachelor's degree in human services or related field is required.
19,19,"Cheyenne, WY",Freight Handler,Walmart DC 7077,$19.55 - $23.25 an hour,You will be lifting heavy cases in extreme climates.Handles and processes freight in a safe and correct manner through the facility to the Stores.
20,20,"Cheyenne, WY",,Chipotle,,"Free food (yes, really FREE).Tuition assistance (100% coverage for select degrees or up to $5,250/year).Medical, dental, and vision insurance."
21,21,"Cheyenne, WY",Crew,Chipotle,,"Free food (yes, really FREE).Tuition assistance (100% coverage for select degrees or up to $5,250/year).Medical, dental, and vision insurance."
22,22,"Cheyenne, WY",Office Assistant I,State of Wyoming,$12.57 - $16.20 an hour,Knowledge of telephone etiquette and coordinating telephone and visitor traffic.The Interlibrary Loan Technician will spend a significant amount of time…
23,23,"Cheyenne, WY",Team Member,Chipotle,,"Free food (yes, really FREE).Tuition assistance (100% coverage for select degrees or up to $5,250/year).Medical, dental, and vision insurance."
24,24,"Cheyenne, WY",Server,Chipotle,,"Free food (yes, really FREE).Tuition assistance (100% coverage for select degrees or up to $5,250/year).Medical, dental, and vision insurance."
25,25,"Cheyenne, WY",Warehouse Distribution Team Member – All Shifts,Lowe's,,"Experience operating power equipment (e.g., forklift, reach truck, yard truck).Discounts available to various merchants and service providers including…"
26,26,"Cheyenne, WY",Warehouse Package Handler,FedEx Ground PH US,,FedEx Ground is hiring part-time and full-time individuals to load and unload packages in our fast-paced warehouse environment.
27,27,"Cheyenne, WY",Bookseller - Part-Time,Barnes & Noble,,"Ensure all customer transactions are processed accurately and in a timely manner.Greet and establish rapport with customers, proactively engaging them in…"
28,28,"Cheyenne, WY",Magpul Firearms Accessories Assembly,ResourceMFG,$16.08 an hour,You will be responsible for assembling weapons accessories manually and with pneumatic tools and hand tools in a lean production environment.
29,29,"Cheyenne, WY",Career Opportunities,Bish's RV Cheyenne,,"Comprehensive benefits package including medical, vision, dental, and other supplemental coverages."
30,30,"Cheyenne, WY",Receptionist/Administrative Assistant,Tyrrell Auto Centers,$12 - $25 an hour,"Perform other clerical receptionist duties such as filing, photocopying, transcribing and faxing.Answer, screen and forward incoming phone calls."
31,31,"Cheyenne, WY",Receptionist/Kennel Technician,Broadmoor East LLC,$12 - $14 an hour,"In this role, you do more than cleaning and disinfecting our kennels — you also learn animal care and behavior basics while assisting our team with…"
32,32,"Cheyenne, WY",Payroll Administrator,Tyrrell Auto Centers,$17 - $20 an hour,"This individual will be responsible for calculating payroll, managing direct deposits, benefits withholding, payroll deductions, garnishments, federal payroll…"
33,33,"Cheyenne, WY",Freight Handler,Walmart DC 7077,$19.55 - $23.25 an hour,You will be lifting heavy cases in extreme climates.Handles and processes freight in a safe and correct manner through the facility to the Stores.
34,34,"Cheyenne, WY",Warehouse Package Handler,FedEx Ground PH US,,FedEx Ground is hiring part-time and full-time individuals to load and unload packages in our fast-paced warehouse environment.
35,35,"Cheyenne, WY",Career Opportunities,Bish's RV Cheyenne,,"Comprehensive benefits package including medical, vision, dental, and other supplemental coverages."
36,36,"Cheyenne, WY",Office Assistant I,State of Wyoming,$12.57 - $16.20 an hour,Knowledge of telephone etiquette and coordinating telephone and visitor traffic.The Interlibrary Loan Technician will spend a significant amount of time…
37,37,"Cheyenne, WY",CITY CARRIER ASSISTANT,United States Postal Service,$17.29 an hour,"DRIVING REQUIRED: Applicants must have a valid state driver’s license, a safe driving record, and at least two years of.Registered and certain insured mail."
38,38,"Cheyenne, WY",Bookseller - Part-Time,Barnes & Noble,,"Ensure all customer transactions are processed accurately and in a timely manner.Greet and establish rapport with customers, proactively engaging them in…"
39,39,"Cheyenne, WY",TeleScribe,ScribeAmerica,,"Provide advanced support to providers, including documenting phone calls, alerting the physician when labs/radiology reports are complete, monitoring document…"
40,40,"Cheyenne, WY",Crew Member/Warehouse Team,Johnson Storage & Moving Co.,$15 - $21 an hour,"Cleans the truck or vehicle used during the move, after the move is completed.Display professional conduct, courtesy and manners, when entering and performing…"
41,41,"Cheyenne, WY",Plant Scheduler/Customer Service,DyStar,$18 - $20 an hour,Maintains data entry requirements to process and complete bill of materials in ERP system.Completes all paperwork necessary for each customer order complying…
42,42,"Cheyenne, WY",Front Desk Associate,Fitness 307,$9 - $10 an hour,Several part time day and night shifts available with some weekends.Full time a possibility to the right candidate.
43,43,"Cheyenne, WY",Scheduling Coordinator,Home Instead Senior Care of Wyoming,"$35,000 - $40,000 a year",Professional experience in the field of customer service.Professional experience in the field of customer service.Personal & professional on-going training.
44,44,"Cheyenne, WY",,ResourceMFG,$16.08 an hour,You will be responsible for assembling weapons accessories manually and with pneumatic tools and hand tools in a lean production environment.
45,45,"Cheyenne, WY",Receptionist/Administrative Assistant,Tyrrell Auto Centers,$12 - $25 an hour,"Perform other clerical receptionist duties such as filing, photocopying, transcribing and faxing.Answer, screen and forward incoming phone calls."
46,46,"Cheyenne, WY",Receptionist/Kennel Technician,Broadmoor East LLC,$12 - $14 an hour,"In this role, you do more than cleaning and disinfecting our kennels — you also learn animal care and behavior basics while assisting our team with…"
47,47,"Cheyenne, WY",Eye Technician,Cheyenne Eye Clinic,$16 - $18 an hour,Self-study is required to obtain/maintain ophthalmic technician certification within 18 months of employment.Answer and return phone calls and write scripts as…
48,48,"Cheyenne, WY",,Chipotle,,"Free food (yes, really FREE).Tuition assistance (100% coverage for select degrees or up to $5,250/year).Medical, dental, and vision insurance."
49,49,"Cheyenne, WY",Warehouse Package Handler,FedEx Ground PH US,,FedEx Ground is hiring part-time and full-time individuals to load and unload packages in our fast-paced warehouse environment.
50,50,"Cheyenne, WY",Crew,Chipotle,,"Free food (yes, really FREE).Tuition assistance (100% coverage for select degrees or up to $5,250/year).Medical, dental, and vision insurance."
51,51,"Cheyenne, WY",Warehouse Distribution Team Member – All Shifts,Lowe's,,"Experience operating power equipment (e.g., forklift, reach truck, yard truck).Discounts available to various merchants and service providers including…"
52,52,"Cheyenne, WY",Office Assistant I,State of Wyoming,$12.57 - $16.20 an hour,Knowledge of telephone etiquette and coordinating telephone and visitor traffic.The Interlibrary Loan Technician will spend a significant amount of time…
53,53,"Cheyenne, WY",Bookseller - Part-Time,Barnes & Noble,,"Ensure all customer transactions are processed accurately and in a timely manner.Greet and establish rapport with customers, proactively engaging them in…"
54,54,"Cheyenne, WY",eTeller,Blue Federal Credit Union,,"Promptly, accurately and efficiently process member financial transactions including but not limited to: deposits , withdrawals, check cashing , cash advances,…"
55,55,"Cheyenne, WY",Crew Member/Warehouse Team,Johnson Storage & Moving Co.,$15 - $21 an hour,"Cleans the truck or vehicle used during the move, after the move is completed.Display professional conduct, courtesy and manners, when entering and performing…"
56,56,"Cheyenne, WY",Career Opportunities,Bish's RV Cheyenne,,"Comprehensive benefits package including medical, vision, dental, and other supplemental coverages."
57,57,"Cheyenne, WY",TeleScribe,ScribeAmerica,,"Provide advanced support to providers, including documenting phone calls, alerting the physician when labs/radiology reports are complete, monitoring document…"
58,58,"Cheyenne, WY",Front Desk Associate,Fitness 307,$9 - $10 an hour,Several part time day and night shifts available with some weekends.Full time a possibility to the right candidate.
59,59,"Cheyenne, WY",Scheduling Coordinator,Home Instead Senior Care of Wyoming,"$35,000 - $40,000 a year",Professional experience in the field of customer service.Professional experience in the field of customer service.Personal & professional on-going training.
60,60,"Cheyenne, WY",Receptionist/Administrative Assistant,Tyrrell Auto Centers,$12 - $25 an hour,"Perform other clerical receptionist duties such as filing, photocopying, transcribing and faxing.Answer, screen and forward incoming phone calls."
61,61,"Cheyenne, WY",Receptionist/Kennel Technician,Broadmoor East LLC,$12 - $14 an hour,"In this role, you do more than cleaning and disinfecting our kennels — you also learn animal care and behavior basics while assisting our team with…"
62,62,"Cheyenne, WY",Payroll Administrator,Tyrrell Auto Centers,$17 - $20 an hour,"This individual will be responsible for calculating payroll, managing direct deposits, benefits withholding, payroll deductions, garnishments, federal payroll…"
63,63,"Cheyenne, WY",Freight Handler,Walmart DC 7077,$19.55 - $23.25 an hour,You will be lifting heavy cases in extreme climates.Handles and processes freight in a safe and correct manner through the facility to the Stores.
64,64,"Cheyenne, WY",Warehouse Package Handler,FedEx Ground PH US,,FedEx Ground is hiring part-time and full-time individuals to load and unload packages in our fast-paced warehouse environment.
65,65,"Cheyenne, WY",Career Opportunities,Bish's RV Cheyenne,,"Comprehensive benefits package including medical, vision, dental, and other supplemental coverages."
66,66,"Cheyenne, WY",Scheduling Coordinator,Home Instead Senior Care of Wyoming,"$35,000 - $40,000 a year",Professional experience in the field of customer service.Professional experience in the field of customer service.Personal & professional on-going training.
67,67,"Cheyenne, WY",Office Assistant I,State of Wyoming,$12.57 - $16.20 an hour,Knowledge of telephone etiquette and coordinating telephone and visitor traffic.The Interlibrary Loan Technician will spend a significant amount of time…
68,68,"Cheyenne, WY",Magpul Firearms Accessories Assembly,ResourceMFG,$16.08 an hour,You will be responsible for assembling weapons accessories manually and with pneumatic tools and hand tools in a lean production environment.
69,69,"Cheyenne, WY",Remote Social Media Care Representative,NexGen Agency,$14 an hour,"Good judgment and independent decision making.Teamviewer application (for remote technical assistance).Utilizing our brand monitoring tools and alerting, in…"
70,70,"Cheyenne, WY",CITY CARRIER ASSISTANT,United States Postal Service,$17.29 an hour,"DRIVING REQUIRED: Applicants must have a valid state driver’s license, a safe driving record, and at least two years of.Registered and certain insured mail."
71,71,"Cheyenne, WY",Bookseller - Part-Time,Barnes & Noble,,"Ensure all customer transactions are processed accurately and in a timely manner.Greet and establish rapport with customers, proactively engaging them in…"
72,72,"Cheyenne, WY",TeleScribe,ScribeAmerica,,"Provide advanced support to providers, including documenting phone calls, alerting the physician when labs/radiology reports are complete, monitoring document…"
73,73,"Cheyenne, WY",Crew Member/Warehouse Team,Johnson Storage & Moving Co.,$15 - $21 an hour,"Cleans the truck or vehicle used during the move, after the move is completed.Display professional conduct, courtesy and manners, when entering and performing…"
74,74,"Cheyenne, WY",Plant Scheduler/Customer Service,DyStar,$18 - $20 an hour,Maintains data entry requirements to process and complete bill of materials in ERP system.Completes all paperwork necessary for each customer order complying…
75,75,"Cheyenne, WY",Receptionist/Administrative Assistant,Tyrrell Auto Centers,$12 - $25 an hour,"Perform other clerical receptionist duties such as filing, photocopying, transcribing and faxing.Answer, screen and forward incoming phone calls."
76,76,"Cheyenne, WY",Receptionist/Kennel Technician,Broadmoor East LLC,$12 - $14 an hour,"In this role, you do more than cleaning and disinfecting our kennels — you also learn animal care and behavior basics while assisting our team with…"
77,77,"Cheyenne, WY",Eye Technician,Cheyenne Eye Clinic,$16 - $18 an hour,Self-study is required to obtain/maintain ophthalmic technician certification within 18 months of employment.Answer and return phone calls and write scripts as…
78,78,"Cheyenne, WY",Freight Handler,Walmart DC 7077,$19.55 - $23.25 an hour,You will be lifting heavy cases in extreme climates.Handles and processes freight in a safe and correct manner through the facility to the Stores.
79,79,"Cheyenne, WY",,Chipotle,,"Free food (yes, really FREE).Tuition assistance (100% coverage for select degrees or up to $5,250/year).Medical, dental, and vision insurance."
80,80,"Cheyenne, WY",Office Assistant I,State of Wyoming,$12.57 - $16.20 an hour,Knowledge of telephone etiquette and coordinating telephone and visitor traffic.The Interlibrary Loan Technician will spend a significant amount of time…
81,81,"Cheyenne, WY",Crew,Chipotle,,"Free food (yes, really FREE).Tuition assistance (100% coverage for select degrees or up to $5,250/year).Medical, dental, and vision insurance."
82,82,"Cheyenne, WY",Warehouse Package Handler,FedEx Ground PH US,,FedEx Ground is hiring part-time and full-time individuals to load and unload packages in our fast-paced warehouse environment.
83,83,"Cheyenne, WY",Team Member,Chipotle,,"Free food (yes, really FREE).Tuition assistance (100% coverage for select degrees or up to $5,250/year).Medical, dental, and vision insurance."
84,84,"Cheyenne, WY",Server,Chipotle,,"Free food (yes, really FREE).Tuition assistance (100% coverage for select degrees or up to $5,250/year).Medical, dental, and vision insurance."
85,85,"Cheyenne, WY","Case Manager, Community Corrections",CoreCivic,,A valid driver's license is required.Graduate from an accredited college or university with a Bachelor's degree in human services or related field is required.
86,86,"Cheyenne, WY",Career Opportunities,Bish's RV Cheyenne,,"Comprehensive benefits package including medical, vision, dental, and other supplemental coverages."
87,87,"Cheyenne, WY",Bookseller - Part-Time,Barnes & Noble,,"Ensure all customer transactions are processed accurately and in a timely manner.Greet and establish rapport with customers, proactively engaging them in…"
88,88,"Cheyenne, WY",Warehouse Distribution Team Member – All Shifts,Lowe's,,"Experience operating power equipment (e.g., forklift, reach truck, yard truck).Discounts available to various merchants and service providers including…"
89,89,"Cheyenne, WY",Front Desk Associate,Fitness 307,$9 - $10 an hour,Several part time day and night shifts available with some weekends.Full time a possibility to the right candidate.
90,90,"Cheyenne, WY",Receptionist/Administrative Assistant,Tyrrell Auto Centers,$12 - $25 an hour,"Perform other clerical receptionist duties such as filing, photocopying, transcribing and faxing.Answer, screen and forward incoming phone calls."
91,91,"Cheyenne, WY",Receptionist/Kennel Technician,Broadmoor East LLC,$12 - $14 an hour,"In this role, you do more than cleaning and disinfecting our kennels — you also learn animal care and behavior basics while assisting our team with…"
92,92,"Cheyenne, WY",Eye Technician,Cheyenne Eye Clinic,$16 - $18 an hour,Self-study is required to obtain/maintain ophthalmic technician certification within 18 months of employment.Answer and return phone calls and write scripts as…
93,93,"Cheyenne, WY",,Chipotle,,"Free food (yes, really FREE).Tuition assistance (100% coverage for select degrees or up to $5,250/year).Medical, dental, and vision insurance."
94,94,"Cheyenne, WY",Crew,Chipotle,,"Free food (yes, really FREE).Tuition assistance (100% coverage for select degrees or up to $5,250/year).Medical, dental, and vision insurance."
95,95,"Cheyenne, WY",Warehouse Package Handler,FedEx Ground PH US,,FedEx Ground is hiring part-time and full-time individuals to load and unload packages in our fast-paced warehouse environment.
96,96,"Cheyenne, WY",Warehouse Distribution Team Member – All Shifts,Lowe's,,"Experience operating power equipment (e.g., forklift, reach truck, yard truck).Discounts available to various merchants and service providers including…"
97,97,"Cheyenne, WY",Office Assistant I,State of Wyoming,$12.57 - $16.20 an hour,Knowledge of telephone etiquette and coordinating telephone and visitor traffic.The Interlibrary Loan Technician will spend a significant amount of time…
98,98,"Cheyenne, WY",Bookseller - Part-Time,Barnes & Noble,,"Ensure all customer transactions are processed accurately and in a timely manner.Greet and establish rapport with customers, proactively engaging them in…"
99,99,"Cheyenne, WY",eTeller,Blue Federal Credit Union,,"Promptly, accurately and efficiently process member financial transactions including but not limited to: deposits , withdrawals, check cashing , cash advances,…"
100,100,"Cheyenne, WY",Crew Member/Warehouse Team,Johnson Storage & Moving Co.,$15 - $21 an hour,"Cleans the truck or vehicle used during the move, after the move is completed.Display professional conduct, courtesy and manners, when entering and performing…"
101,101,"Cheyenne, WY",Career Opportunities,Bish's RV Cheyenne,,"Comprehensive benefits package including medical, vision, dental, and other supplemental coverages."
102,102,"Cheyenne, WY",TeleScribe,ScribeAmerica,,"Provide advanced support to providers, including documenting phone calls, alerting the physician when labs/radiology reports are complete, monitoring document…"
103,103,"Cheyenne, WY",Front Desk Associate,Fitness 307,$9 - $10 an hour,Several part time day and night shifts available with some weekends.Full time a possibility to the right candidate.
104,104,"Cheyenne, WY",CITY CARRIER ASSISTANT,United States Postal Service,$17.29 an hour,"DRIVING REQUIRED: Applicants must have a valid state driver’s license, a safe driving record, and at least two years of.Registered and certain insured mail."
105,105,"Cheyenne, WY",Receptionist/Administrative Assistant,Tyrrell Auto Centers,$12 - $25 an hour,"Perform other clerical receptionist duties such as filing, photocopying, transcribing and faxing.Answer, screen and forward incoming phone calls."
106,106,"Cheyenne, WY",Receptionist/Kennel Technician,Broadmoor East LLC,$12 - $14 an hour,"In this role, you do more than cleaning and disinfecting our kennels — you also learn animal care and behavior basics while assisting our team with…"
107,107,"Cheyenne, WY",Eye Technician,Cheyenne Eye Clinic,$16 - $18 an hour,Self-study is required to obtain/maintain ophthalmic technician certification within 18 months of employment.Answer and return phone calls and write scripts as…
108,108,"Cheyenne, WY",Freight Handler,Walmart DC 7077,$19.55 - $23.25 an hour,You will be lifting heavy cases in extreme climates.Handles and processes freight in a safe and correct manner through the facility to the Stores.
109,109,"Cheyenne, WY",,Chipotle,,"Free food (yes, really FREE).Tuition assistance (100% coverage for select degrees or up to $5,250/year).Medical, dental, and vision insurance."
110,110,"Cheyenne, WY",Crew,Chipotle,,"Free food (yes, really FREE).Tuition assistance (100% coverage for select degrees or up to $5,250/year).Medical, dental, and vision insurance."
111,111,"Cheyenne, WY",Office Assistant I,State of Wyoming,$12.57 - $16.20 an hour,Knowledge of telephone etiquette and coordinating telephone and visitor traffic.The Interlibrary Loan Technician will spend a significant amount of time…
112,112,"Cheyenne, WY",Team Member,Chipotle,,"Free food (yes, really FREE).Tuition assistance (100% coverage for select degrees or up to $5,250/year).Medical, dental, and vision insurance."
113,113,"Cheyenne, WY",Server,Chipotle,,"Free food (yes, really FREE).Tuition assistance (100% coverage for select degrees or up to $5,250/year).Medical, dental, and vision insurance."
114,114,"Cheyenne, WY","Case Manager, Community Corrections",CoreCivic,,A valid driver's license is required.Graduate from an accredited college or university with a Bachelor's degree in human services or related field is required.
115,115,"Cheyenne, WY",Warehouse Package Handler,FedEx Ground PH US,,FedEx Ground is hiring part-time and full-time individuals to load and unload packages in our fast-paced warehouse environment.
116,116,"Cheyenne, WY",Warehouse Distribution Team Member – All Shifts,Lowe's,,"Experience operating power equipment (e.g., forklift, reach truck, yard truck).Discounts available to various merchants and service providers including…"
117,117,"Cheyenne, WY",Career Opportunities,Bish's RV Cheyenne,,"Comprehensive benefits package including medical, vision, dental, and other supplemental coverages."
118,118,"Cheyenne, WY",Bookseller - Part-Time,Barnes & Noble,,"Ensure all customer transactions are processed accurately and in a timely manner.Greet and establish rapport with customers, proactively engaging them in…"
119,119,"Cheyenne, WY",Front Desk Associate,Fitness 307,$9 - $10 an hour,Several part time day and night shifts available with some weekends.Full time a possibility to the right candidate.
120,120,"Cheyenne, WY",Receptionist/Administrative Assistant,Tyrrell Auto Centers,$12 - $25 an hour,"Perform other clerical receptionist duties such as filing, photocopying, transcribing and faxing.Answer, screen and forward incoming phone calls."
121,121,"Cheyenne, WY",Receptionist/Kennel Technician,Broadmoor East LLC,$12 - $14 an hour,"In this role, you do more than cleaning and disinfecting our kennels — you also learn animal care and behavior basics while assisting our team with…"
122,122,"Cheyenne, WY",Eye Technician,Cheyenne Eye Clinic,$16 - $18 an hour,Self-study is required to obtain/maintain ophthalmic technician certification within 18 months of employment.Answer and return phone calls and write scripts as…
123,123,"Cheyenne, WY",,Chipotle,,"Free food (yes, really FREE).Tuition assistance (100% coverage for select degrees or up to $5,250/year).Medical, dental, and vision insurance."
124,124,"Cheyenne, WY",Crew,Chipotle,,"Free food (yes, really FREE).Tuition assistance (100% coverage for select degrees or up to $5,250/year).Medical, dental, and vision insurance."
125,125,"Cheyenne, WY",Warehouse Distribution Team Member – All Shifts,Lowe's,,"Experience operating power equipment (e.g., forklift, reach truck, yard truck).Discounts available to various merchants and service providers including…"
126,126,"Cheyenne, WY",Warehouse Package Handler,FedEx Ground PH US,,FedEx Ground is hiring part-time and full-time individuals to load and unload packages in our fast-paced warehouse environment.
127,127,"Cheyenne, WY",Office Assistant I,State of Wyoming,$12.57 - $16.20 an hour,Knowledge of telephone etiquette and coordinating telephone and visitor traffic.The Interlibrary Loan Technician will spend a significant amount of time…
128,128,"Cheyenne, WY",Bookseller - Part-Time,Barnes & Noble,,"Ensure all customer transactions are processed accurately and in a timely manner.Greet and establish rapport with customers, proactively engaging them in…"
129,129,"Cheyenne, WY",eTeller,Blue Federal Credit Union,,"Promptly, accurately and efficiently process member financial transactions including but not limited to: deposits , withdrawals, check cashing , cash advances,…"
130,130,"Cheyenne, WY",Crew Member/Warehouse Team,Johnson Storage & Moving Co.,$15 - $21 an hour,"Cleans the truck or vehicle used during the move, after the move is completed.Display professional conduct, courtesy and manners, when entering and performing…"
131,131,"Cheyenne, WY",Career Opportunities,Bish's RV Cheyenne,,"Comprehensive benefits package including medical, vision, dental, and other supplemental coverages."
132,132,"Cheyenne, WY",TeleScribe,ScribeAmerica,,"Provide advanced support to providers, including documenting phone calls, alerting the physician when labs/radiology reports are complete, monitoring document…"
133,133,"Cheyenne, WY",Front Desk Associate,Fitness 307,$9 - $10 an hour,Several part time day and night shifts available with some weekends.Full time a possibility to the right candidate.
134,134,"Cheyenne, WY",CITY CARRIER ASSISTANT,United States Postal Service,$17.29 an hour,"DRIVING REQUIRED: Applicants must have a valid state driver’s license, a safe driving record, and at least two years of.Registered and certain insured mail."
135,135,"Cheyenne, WY",Receptionist/Administrative Assistant,Tyrrell Auto Centers,$12 - $25 an hour,"Perform other clerical receptionist duties such as filing, photocopying, transcribing and faxing.Answer, screen and forward incoming phone calls."
136,136,"Cheyenne, WY",Receptionist/Kennel Technician,Broadmoor East LLC,$12 - $14 an hour,"In this role, you do more than cleaning and disinfecting our kennels — you also learn animal care and behavior basics while assisting our team with…"
137,137,"Cheyenne, WY",Payroll Administrator,Tyrrell Auto Centers,$17 - $20 an hour,"This individual will be responsible for calculating payroll, managing direct deposits, benefits withholding, payroll deductions, garnishments, federal payroll…"
138,138,"Cheyenne, WY",Freight Handler,Walmart DC 7077,$19.55 - $23.25 an hour,You will be lifting heavy cases in extreme climates.Handles and processes freight in a safe and correct manner through the facility to the Stores.
139,139,"Cheyenne, WY",Warehouse Package Handler,FedEx Ground PH US,,FedEx Ground is hiring part-time and full-time individuals to load and unload packages in our fast-paced warehouse environment.
140,140,"Cheyenne, WY",Career Opportunities,Bish's RV Cheyenne,,"Comprehensive benefits package including medical, vision, dental, and other supplemental coverages."
141,141,"Cheyenne, WY",Office Assistant I,State of Wyoming,$12.57 - $16.20 an hour,Knowledge of telephone etiquette and coordinating telephone and visitor traffic.The Interlibrary Loan Technician will spend a significant amount of time…
142,142,"Cheyenne, WY",CITY CARRIER ASSISTANT,United States Postal Service,$17.29 an hour,"DRIVING REQUIRED: Applicants must have a valid state driver’s license, a safe driving record, and at least two years of.Registered and certain insured mail."
143,143,"Cheyenne, WY",Bookseller - Part-Time,Barnes & Noble,,"Ensure all customer transactions are processed accurately and in a timely manner.Greet and establish rapport with customers, proactively engaging them in…"
144,144,"Cheyenne, WY",TeleScribe,ScribeAmerica,,"Provide advanced support to providers, including documenting phone calls, alerting the physician when labs/radiology reports are complete, monitoring document…"
145,145,"Cheyenne, WY",Crew Member/Warehouse Team,Johnson Storage & Moving Co.,$15 - $21 an hour,"Cleans the truck or vehicle used during the move, after the move is completed.Display professional conduct, courtesy and manners, when entering and performing…"
146,146,"Cheyenne, WY",Plant Scheduler/Customer Service,DyStar,$18 - $20 an hour,Maintains data entry requirements to process and complete bill of materials in ERP system.Completes all paperwork necessary for each customer order complying…
147,147,"Cheyenne, WY",Front Desk Associate,Fitness 307,$9 - $10 an hour,Several part time day and night shifts available with some weekends.Full time a possibility to the right candidate.
148,148,"Cheyenne, WY",Scheduling Coordinator,Home Instead Senior Care of Wyoming,"$35,000 - $40,000 a year",Professional experience in the field of customer service.Professional experience in the field of customer service.Personal & professional on-going training.
149,149,"Cheyenne, WY",Forklift Operator! NOW STARTING AT $18/HR!,"The TJX Companies, Inc.",From $18 an hour,TJX also provides reasonable accommodations to qualified individuals with disabilities in accordance with the Americans with Disabilities Act and applicable…
150,150,"Cheyenne, WY",Receptionist/Administrative Assistant,Tyrrell Auto Centers,$12 - $25 an hour,"Perform other clerical receptionist duties such as filing, photocopying, transcribing and faxing.Answer, screen and forward incoming phone calls."
151,151,"Cheyenne, WY",Receptionist/Kennel Technician,Broadmoor East LLC,$12 - $14 an hour,"In this role, you do more than cleaning and disinfecting our kennels — you also learn animal care and behavior basics while assisting our team with…"
152,152,"Cheyenne, WY",Payroll Administrator,Tyrrell Auto Centers,$17 - $20 an hour,"This individual will be responsible for calculating payroll, managing direct deposits, benefits withholding, payroll deductions, garnishments, federal payroll…"
153,153,"Cheyenne, WY",Freight Handler,Walmart DC 7077,$19.55 - $23.25 an hour,You will be lifting heavy cases in extreme climates.Handles and processes freight in a safe and correct manner through the facility to the Stores.
154,154,"Cheyenne, WY",Warehouse Package Handler,FedEx Ground PH US,,FedEx Ground is hiring part-time and full-time individuals to load and unload packages in our fast-paced warehouse environment.
155,155,"Cheyenne, WY",Office Assistant I,State of Wyoming,$12.57 - $16.20 an hour,Knowledge of telephone etiquette and coordinating telephone and visitor traffic.The Interlibrary Loan Technician will spend a significant amount of time…
156,156,"Cheyenne, WY",Career Opportunities,Bish's RV Cheyenne,,"Comprehensive benefits package including medical, vision, dental, and other supplemental coverages."
157,157,"Cheyenne, WY",CITY CARRIER ASSISTANT,United States Postal Service,$17.29 an hour,"DRIVING REQUIRED: Applicants must have a valid state driver’s license, a safe driving record, and at least two years of.Registered and certain insured mail."
158,158,"Cheyenne, WY",Bookseller - Part-Time,Barnes & Noble,,"Ensure all customer transactions are processed accurately and in a timely manner.Greet and establish rapport with customers, proactively engaging them in…"
159,159,"Cheyenne, WY",Crew Member/Warehouse Team,Johnson Storage & Moving Co.,$15 - $21 an hour,"Cleans the truck or vehicle used during the move, after the move is completed.Display professional conduct, courtesy and manners, when entering and performing…"
160,160,"Cheyenne, WY",Plant Scheduler/Customer Service,DyStar,$18 - $20 an hour,Maintains data entry requirements to process and complete bill of materials in ERP system.Completes all paperwork necessary for each customer order complying…
161,161,"Cheyenne, WY",Front Desk Associate,Fitness 307,$9 - $10 an hour,Several part time day and night shifts available with some weekends.Full time a possibility to the right candidate.
162,162,"Cheyenne, WY",Program Support Assistant (OA),US Department of Veterans Affairs,"$39,311 - $51,103 a year","Attends regularly scheduled DMA field calls, and receives and routes communications from DMA to program staff.Subject to background/security investigation."
163,163,"Cheyenne, WY",eTeller,Blue Federal Credit Union,,"Promptly, accurately and efficiently process member financial transactions including but not limited to: deposits , withdrawals, check cashing , cash advances,…"
164,164,"Cheyenne, WY",Code Compliance Inspector,City Of Cheyenne,"$52,298 - $66,249 a year","Possession of, or ability to obtain, an appropriate master’s license in appropriate field or ability to obtain within one year."
165,165,"Cheyenne, WY",Receptionist/Administrative Assistant,Tyrrell Auto Centers,$12 - $25 an hour,"Perform other clerical receptionist duties such as filing, photocopying, transcribing and faxing.Answer, screen and forward incoming phone calls."
166,166,"Cheyenne, WY",Receptionist/Kennel Technician,Broadmoor East LLC,$12 - $14 an hour,"In this role, you do more than cleaning and disinfecting our kennels — you also learn animal care and behavior basics while assisting our team with…"
167,167,"Cheyenne, WY",Eye Technician,Cheyenne Eye Clinic,$16 - $18 an hour,Self-study is required to obtain/maintain ophthalmic technician certification within 18 months of employment.Answer and return phone calls and write scripts as…
168,168,"Cheyenne, WY",Freight Handler,Walmart DC 7077,$19.55 - $23.25 an hour,You will be lifting heavy cases in extreme climates.Handles and processes freight in a safe and correct manner through the facility to the Stores.
169,169,"Cheyenne, WY",,Chipotle,,"Free food (yes, really FREE).Tuition assistance (100% coverage for select degrees or up to $5,250/year).Medical, dental, and vision insurance."
170,170,"Cheyenne, WY",Crew,Chipotle,,"Free food (yes, really FREE).Tuition assistance (100% coverage for select degrees or up to $5,250/year).Medical, dental, and vision insurance."
171,171,"Cheyenne, WY",Office Assistant I,State of Wyoming,$12.57 - $16.20 an hour,Knowledge of telephone etiquette and coordinating telephone and visitor traffic.The Interlibrary Loan Technician will spend a significant amount of time…
172,172,"Cheyenne, WY",Team Member,Chipotle,,"Free food (yes, really FREE).Tuition assistance (100% coverage for select degrees or up to $5,250/year).Medical, dental, and vision insurance."
173,173,"Cheyenne, WY","Case Manager, Community Corrections",CoreCivic,,A valid driver's license is required.Graduate from an accredited college or university with a Bachelor's degree in human services or related field is required.
174,174,"Cheyenne, WY",Server,Chipotle,,"Free food (yes, really FREE).Tuition assistance (100% coverage for select degrees or up to $5,250/year).Medical, dental, and vision insurance."
175,175,"Cheyenne, WY",Warehouse Distribution Team Member – All Shifts,Lowe's,,"Experience operating power equipment (e.g., forklift, reach truck, yard truck).Discounts available to various merchants and service providers including…"
176,176,"Cheyenne, WY",Warehouse Package Handler,FedEx Ground PH US,,FedEx Ground is hiring part-time and full-time individuals to load and unload packages in our fast-paced warehouse environment.
177,177,"Cheyenne, WY",Bookseller - Part-Time,Barnes & Noble,,"Ensure all customer transactions are processed accurately and in a timely manner.Greet and establish rapport with customers, proactively engaging them in…"
178,178,"Cheyenne, WY",Career Opportunities,Bish's RV Cheyenne,,"Comprehensive benefits package including medical, vision, dental, and other supplemental coverages."
179,179,"Cheyenne, WY",Front Desk Associate,Fitness 307,$9 - $10 an hour,Several part time day and night shifts available with some weekends.Full time a possibility to the right candidate.
180,180,"Cheyenne, WY",Receptionist/Administrative Assistant,Tyrrell Auto Centers,$12 - $25 an hour,"Perform other clerical receptionist duties such as filing, photocopying, transcribing and faxing.Answer, screen and forward incoming phone calls."
181,181,"Cheyenne, WY",Receptionist/Kennel Technician,Broadmoor East LLC,$12 - $14 an hour,"In this role, you do more than cleaning and disinfecting our kennels — you also learn animal care and behavior basics while assisting our team with…"
182,182,"Cheyenne, WY",Eye Technician,Cheyenne Eye Clinic,$16 - $18 an hour,Self-study is required to obtain/maintain ophthalmic technician certification within 18 months of employment.Answer and return phone calls and write scripts as…
183,183,"Cheyenne, WY",,Chipotle,,"Free food (yes, really FREE).Tuition assistance (100% coverage for select degrees or up to $5,250/year).Medical, dental, and vision insurance."
184,184,"Cheyenne, WY",Warehouse Package Handler,FedEx Ground PH US,,FedEx Ground is hiring part-time and full-time individuals to load and unload packages in our fast-paced warehouse environment.
185,185,"Cheyenne, WY",Crew,Chipotle,,"Free food (yes, really FREE).Tuition assistance (100% coverage for select degrees or up to $5,250/year).Medical, dental, and vision insurance."
186,186,"Cheyenne, WY",Warehouse Distribution Team Member – All Shifts,Lowe's,,"Experience operating power equipment (e.g., forklift, reach truck, yard truck).Discounts available to various merchants and service providers including…"
187,187,"Cheyenne, WY",Office Assistant I,State of Wyoming,$12.57 - $16.20 an hour,Knowledge of telephone etiquette and coordinating telephone and visitor traffic.The Interlibrary Loan Technician will spend a significant amount of time…
188,188,"Cheyenne, WY",Career Opportunities,Bish's RV Cheyenne,,"Comprehensive benefits package including medical, vision, dental, and other supplemental coverages."
189,189,"Cheyenne, WY",Bookseller - Part-Time,Barnes & Noble,,"Ensure all customer transactions are processed accurately and in a timely manner.Greet and establish rapport with customers, proactively engaging them in…"
190,190,"Cheyenne, WY",Crew Member/Warehouse Team,Johnson Storage & Moving Co.,$15 - $21 an hour,"Cleans the truck or vehicle used during the move, after the move is completed.Display professional conduct, courtesy and manners, when entering and performing…"
191,191,"Cheyenne, WY",eTeller,Blue Federal Credit Union,,"Promptly, accurately and efficiently process member financial transactions including but not limited to: deposits , withdrawals, check cashing , cash advances,…"
192,192,"Cheyenne, WY",Front Desk Associate,Fitness 307,$9 - $10 an hour,Several part time day and night shifts available with some weekends.Full time a possibility to the right candidate.
193,193,"Cheyenne, WY",TeleScribe,ScribeAmerica,,"Provide advanced support to providers, including documenting phone calls, alerting the physician when labs/radiology reports are complete, monitoring document…"
194,194,"Cheyenne, WY",CITY CARRIER ASSISTANT,United States Postal Service,$17.29 an hour,"DRIVING REQUIRED: Applicants must have a valid state driver’s license, a safe driving record, and at least two years of.Registered and certain insured mail."
195,195,"Cheyenne, WY",Receptionist/Administrative Assistant,Tyrrell Auto Centers,$12 - $25 an hour,"Perform other clerical receptionist duties such as filing, photocopying, transcribing and faxing.Answer, screen and forward incoming phone calls."
196,196,"Cheyenne, WY",Receptionist/Kennel Technician,Broadmoor East LLC,$12 - $14 an hour,"In this role, you do more than cleaning and disinfecting our kennels — you also learn animal care and behavior basics while assisting our team with…"
197,197,"Cheyenne, WY",Eye Technician,Cheyenne Eye Clinic,$16 - $18 an hour,Self-study is required to obtain/maintain ophthalmic technician certification within 18 months of employment.Answer and return phone calls and write scripts as…
198,198,"Cheyenne, WY",Freight Handler,Walmart DC 7077,$19.55 - $23.25 an hour,You will be lifting heavy cases in extreme climates.Handles and processes freight in a safe and correct manner through the facility to the Stores.
199,199,"Cheyenne, WY",,Chipotle,,"Free food (yes, really FREE).Tuition assistance (100% coverage for select degrees or up to $5,250/year).Medical, dental, and vision insurance."
200,200,"Cheyenne, WY",Crew,Chipotle,,"Free food (yes, really FREE).Tuition assistance (100% coverage for select degrees or up to $5,250/year).Medical, dental, and vision insurance."
201,201,"Cheyenne, WY",Office Assistant I,State of Wyoming,$12.57 - $16.20 an hour,Knowledge of telephone etiquette and coordinating telephone and visitor traffic.The Interlibrary Loan Technician will spend a significant amount of time…
202,202,"Cheyenne, WY",Team Member,Chipotle,,"Free food (yes, really FREE).Tuition assistance (100% coverage for select degrees or up to $5,250/year).Medical, dental, and vision insurance."
203,203,"Cheyenne, WY","Case Manager, Community Corrections",CoreCivic,,A valid driver's license is required.Graduate from an accredited college or university with a Bachelor's degree in human services or related field is required.
204,204,"Cheyenne, WY",Server,Chipotle,,"Free food (yes, really FREE).Tuition assistance (100% coverage for select degrees or up to $5,250/year).Medical, dental, and vision insurance."
205,205,"Cheyenne, WY",Warehouse Package Handler,FedEx Ground PH US,,FedEx Ground is hiring part-time and full-time individuals to load and unload packages in our fast-paced warehouse environment.
206,206,"Cheyenne, WY",Warehouse Distribution Team Member – All Shifts,Lowe's,,"Experience operating power equipment (e.g., forklift, reach truck, yard truck).Discounts available to various merchants and service providers including…"
207,207,"Cheyenne, WY",Bookseller - Part-Time,Barnes & Noble,,"Ensure all customer transactions are processed accurately and in a timely manner.Greet and establish rapport with customers, proactively engaging them in…"
208,208,"Cheyenne, WY",Career Opportunities,Bish's RV Cheyenne,,"Comprehensive benefits package including medical, vision, dental, and other supplemental coverages."
209,209,"Cheyenne, WY",Front Desk Associate,Fitness 307,$9 - $10 an hour,Several part time day and night shifts available with some weekends.Full time a possibility to the right candidate.
210,210,"Cheyenne, WY",Receptionist/Administrative Assistant,Tyrrell Auto Centers,$12 - $25 an hour,"Perform other clerical receptionist duties such as filing, photocopying, transcribing and faxing.Answer, screen and forward incoming phone calls."
211,211,"Cheyenne, WY",Receptionist/Kennel Technician,Broadmoor East LLC,$12 - $14 an hour,"In this role, you do more than cleaning and disinfecting our kennels — you also learn animal care and behavior basics while assisting our team with…"
212,212,"Cheyenne, WY",Eye Technician,Cheyenne Eye Clinic,$16 - $18 an hour,Self-study is required to obtain/maintain ophthalmic technician certification within 18 months of employment.Answer and return phone calls and write scripts as…
213,213,"Cheyenne, WY",Freight Handler,Walmart DC 7077,$19.55 - $23.25 an hour,You will be lifting heavy cases in extreme climates.Handles and processes freight in a safe and correct manner through the facility to the Stores.
214,214,"Cheyenne, WY",,Chipotle,,"Free food (yes, really FREE).Tuition assistance (100% coverage for select degrees or up to $5,250/year).Medical, dental, and vision insurance."
215,215,"Cheyenne, WY",Crew,Chipotle,,"Free food (yes, really FREE).Tuition assistance (100% coverage for select degrees or up to $5,250/year).Medical, dental, and vision insurance."
216,216,"Cheyenne, WY",Office Assistant I,State of Wyoming,$12.57 - $16.20 an hour,Knowledge of telephone etiquette and coordinating telephone and visitor traffic.The Interlibrary Loan Technician will spend a significant amount of time…
217,217,"Cheyenne, WY",Team Member,Chipotle,,"Free food (yes, really FREE).Tuition assistance (100% coverage for select degrees or up to $5,250/year).Medical, dental, and vision insurance."
218,218,"Cheyenne, WY",Server,Chipotle,,"Free food (yes, really FREE).Tuition assistance (100% coverage for select degrees or up to $5,250/year).Medical, dental, and vision insurance."
219,219,"Cheyenne, WY","Case Manager, Community Corrections",CoreCivic,,A valid driver's license is required.Graduate from an accredited college or university with a Bachelor's degree in human services or related field is required.
220,220,"Cheyenne, WY",Warehouse Package Handler,FedEx Ground PH US,,FedEx Ground is hiring part-time and full-time individuals to load and unload packages in our fast-paced warehouse environment.
221,221,"Cheyenne, WY",Warehouse Distribution Team Member – All Shifts,Lowe's,,"Experience operating power equipment (e.g., forklift, reach truck, yard truck).Discounts available to various merchants and service providers including…"
222,222,"Cheyenne, WY",Career Opportunities,Bish's RV Cheyenne,,"Comprehensive benefits package including medical, vision, dental, and other supplemental coverages."
223,223,"Cheyenne, WY",Bookseller - Part-Time,Barnes & Noble,,"Ensure all customer transactions are processed accurately and in a timely manner.Greet and establish rapport with customers, proactively engaging them in…"
224,224,"Cheyenne, WY",Front Desk Associate,Fitness 307,$9 - $10 an hour,Several part time day and night shifts available with some weekends.Full time a possibility to the right candidate.
225,225,"Cheyenne, WY",Receptionist/Administrative Assistant,Tyrrell Auto Centers,$12 - $25 an hour,"Perform other clerical receptionist duties such as filing, photocopying, transcribing and faxing.Answer, screen and forward incoming phone calls."
226,226,"Cheyenne, WY",Receptionist/Kennel Technician,Broadmoor East LLC,$12 - $14 an hour,"In this role, you do more than cleaning and disinfecting our kennels — you also learn animal care and behavior basics while assisting our team with…"
227,227,"Cheyenne, WY",Freight Handler,Walmart DC 7077,$19.55 - $23.25 an hour,You will be lifting heavy cases in extreme climates.Handles and processes freight in a safe and correct manner through the facility to the Stores.
228,228,"Cheyenne, WY",,Chipotle,,"Free food (yes, really FREE).Tuition assistance (100% coverage for select degrees or up to $5,250/year).Medical, dental, and vision insurance."
229,229,"Cheyenne, WY",Office Assistant I,State of Wyoming,$12.57 - $16.20 an hour,Knowledge of telephone etiquette and coordinating telephone and visitor traffic.The Interlibrary Loan Technician will spend a significant amount of time…
230,230,"Cheyenne, WY",Warehouse Package Handler,FedEx Ground PH US,,FedEx Ground is hiring part-time and full-time individuals to load and unload packages in our fast-paced warehouse environment.
231,231,"Cheyenne, WY",Career Opportunities,Bish's RV Cheyenne,,"Comprehensive benefits package including medical, vision, dental, and other supplemental coverages."
232,232,"Cheyenne, WY",Bookseller - Part-Time,Barnes & Noble,,"Ensure all customer transactions are processed accurately and in a timely manner.Greet and establish rapport with customers, proactively engaging them in…"
233,233,"Cheyenne, WY",Front Desk Associate,Fitness 307,$9 - $10 an hour,Several part time day and night shifts available with some weekends.Full time a possibility to the right candidate.
234,234,"Cheyenne, WY",CITY CARRIER ASSISTANT,United States Postal Service,$17.29 an hour,"DRIVING REQUIRED: Applicants must have a valid state driver’s license, a safe driving record, and at least two years of.Registered and certain insured mail."
235,235,"Cheyenne, WY",Magpul Firearms Accessories Assembly,ResourceMFG,$16.08 an hour,You will be responsible for assembling weapons accessories manually and with pneumatic tools and hand tools in a lean production environment.
236,236,"Cheyenne, WY",Crew Member/Warehouse Team,Johnson Storage & Moving Co.,$15 - $21 an hour,"Cleans the truck or vehicle used during the move, after the move is completed.Display professional conduct, courtesy and manners, when entering and performing…"
237,237,"Cheyenne, WY",STERILE PROCESSING INSTRUMENT TECH,Acestack LLC,$35 an hour,Monitors for equipment and/or supplies in need of repair or replacement and notifies appropriate department personnel.Assembles case carts for surgeries.
238,238,"Cheyenne, WY",eTeller,Blue Federal Credit Union,,"Promptly, accurately and efficiently process member financial transactions including but not limited to: deposits , withdrawals, check cashing , cash advances,…"
239,239,"Cheyenne, WY",Property Office Specialist,Laramie County,$14.89 an hour,"Performs cash handling duties including processing cash, check and credit card payments.Answers the telephone; provides the public with general information…"
240,240,"Cheyenne, WY",Receptionist/Administrative Assistant,Tyrrell Auto Centers,$12 - $25 an hour,"Perform other clerical receptionist duties such as filing, photocopying, transcribing and faxing.Answer, screen and forward incoming phone calls."
241,241,"Cheyenne, WY",Receptionist/Kennel Technician,Broadmoor East LLC,$12 - $14 an hour,"In this role, you do more than cleaning and disinfecting our kennels — you also learn animal care and behavior basics while assisting our team with…"
242,242,"Cheyenne, WY",Freight Handler,Walmart DC 7077,$19.55 - $23.25 an hour,You will be lifting heavy cases in extreme climates.Handles and processes freight in a safe and correct manner through the facility to the Stores.
243,243,"Cheyenne, WY",Office Assistant I,State of Wyoming,$12.57 - $16.20 an hour,Knowledge of telephone etiquette and coordinating telephone and visitor traffic.The Interlibrary Loan Technician will spend a significant amount of time…
244,244,"Cheyenne, WY",,Chipotle,,"Free food (yes, really FREE).Tuition assistance (100% coverage for select degrees or up to $5,250/year).Medical, dental, and vision insurance."
245,245,"Cheyenne, WY",Warehouse Package Handler,FedEx Ground PH US,,FedEx Ground is hiring part-time and full-time individuals to load and unload packages in our fast-paced warehouse environment.
246,246,"Cheyenne, WY",Bookseller - Part-Time,Barnes & Noble,,"Ensure all customer transactions are processed accurately and in a timely manner.Greet and establish rapport with customers, proactively engaging them in…"
247,247,"Cheyenne, WY",Career Opportunities,Bish's RV Cheyenne,,"Comprehensive benefits package including medical, vision, dental, and other supplemental coverages."
248,248,"Cheyenne, WY",Front Desk Associate,Fitness 307,$9 - $10 an hour,Several part time day and night shifts available with some weekends.Full time a possibility to the right candidate.
249,249,"Cheyenne, WY",CITY CARRIER ASSISTANT,United States Postal Service,$17.29 an hour,"DRIVING REQUIRED: Applicants must have a valid state driver’s license, a safe driving record, and at least two years of.Registered and certain insured mail."
250,250,"Cheyenne, WY",Crew Member/Warehouse Team,Johnson Storage & Moving Co.,$15 - $21 an hour,"Cleans the truck or vehicle used during the move, after the move is completed.Display professional conduct, courtesy and manners, when entering and performing…"
251,251,"Cheyenne, WY",eTeller,Blue Federal Credit Union,,"Promptly, accurately and efficiently process member financial transactions including but not limited to: deposits , withdrawals, check cashing , cash advances,…"
252,252,"Cheyenne, WY",Magpul Firearms Accessories Assembly,ResourceMFG,$16.08 an hour,You will be responsible for assembling weapons accessories manually and with pneumatic tools and hand tools in a lean production environment.
253,253,"Cheyenne, WY",Property Office Specialist,Laramie County,$14.89 an hour,"Performs cash handling duties including processing cash, check and credit card payments.Answers the telephone; provides the public with general information…"
254,254,"Cheyenne, WY",Recreation Specialist-Adult and Youth Sports,City Of Cheyenne,"$41,425 - $52,475 a year","Possession of, or ability to obtain, an appropriate driver’s license.Bachelor’s degree from an accredited college or university with major course work in…"
255,255,"Cheyenne, WY",Receptionist/Administrative Assistant,Tyrrell Auto Centers,$12 - $25 an hour,"Perform other clerical receptionist duties such as filing, photocopying, transcribing and faxing.Answer, screen and forward incoming phone calls."
256,256,"Cheyenne, WY",Find jobs with Flexible Hours!,Indeed Gigs,,"Whether it’s hiring for online work from home, part time, entry level or no experience jobs, you get to have flexible schedule!"
257,257,"Cheyenne, WY",Receptionist/Kennel Technician,Broadmoor East LLC,$12 - $14 an hour,"In this role, you do more than cleaning and disinfecting our kennels — you also learn animal care and behavior basics while assisting our team with…"
258,258,"Cheyenne, WY",Eye Technician,Cheyenne Eye Clinic,$16 - $18 an hour,Self-study is required to obtain/maintain ophthalmic technician certification within 18 months of employment.Answer and return phone calls and write scripts as…
259,259,"Cheyenne, WY",,Barney Trucking,"$1,500 a week","10 PTO days and 6 Paid Holidays per year.Medical, Dental, Vision, Life Insurance & 401K.Orientation Pay + Breakdown Pay."
260,260,"Cheyenne, WY",Cashier,Chipotle,,"Free food (yes, really FREE).Tuition assistance (100% coverage for select degrees or up to $5,250/year).Medical, dental, and vision insurance."
261,261,"Cheyenne, WY",Freight Handler,Walmart DC 7077,$19.55 - $23.25 an hour,You will be lifting heavy cases in extreme climates.Handles and processes freight in a safe and correct manner through the facility to the Stores.
262,262,"Cheyenne, WY",Client Service Representative/Veterinary Assistant,Avenues Pet Clinic,$12 - $14 an hour,"You'll have regular client contact, answering phones, scheduling appointments, checking clients in and out, providing education and utilizing a variety of other…"
263,263,"Cheyenne, WY",Network Manager,Western Vista Credit Union,"$58,500 - $87,800 a year","(1) A bachelor's degree, or (2) achievement of formal certifications recognized in the industry as equivalent to a bachelor's degree (e.g. information…"
264,264,"Cheyenne, WY",Crew,Chipotle,,"Free food (yes, really FREE).Tuition assistance (100% coverage for select degrees or up to $5,250/year).Medical, dental, and vision insurance."
265,265,"Cheyenne, WY",Janitorial Worker,Big D Oil Company,$15 - $17 an hour,Stock and maintain supply rooms.Notify management of occurring deficiencies or needs for repairs.Make adjustments and minor repairs.
266,266,"Cheyenne, WY",Warehouse Distribution Team Member – All Shifts,Lowe's,,"Experience operating power equipment (e.g., forklift, reach truck, yard truck).Discounts available to various merchants and service providers including…"
267,267,"Cheyenne, WY",Warehouse Package Handler,FedEx Ground PH US,,FedEx Ground is hiring part-time and full-time individuals to load and unload packages in our fast-paced warehouse environment.
268,268,"Cheyenne, WY",Team Member,Chipotle,,"Free food (yes, really FREE).Tuition assistance (100% coverage for select degrees or up to $5,250/year).Medical, dental, and vision insurance."
269,269,"Cheyenne, WY",Server,Chipotle,,"Free food (yes, really FREE).Tuition assistance (100% coverage for select degrees or up to $5,250/year).Medical, dental, and vision insurance."
270,270,"Cheyenne, WY",Find jobs with Flexible Hours!,Indeed Gigs,,"Whether it’s hiring for online work from home, part time, entry level or no experience jobs, you get to have flexible schedule!"
271,271,"Cheyenne, WY",Receptionist/Administrative Assistant,Tyrrell Auto Centers,$12 - $25 an hour,"Perform other clerical receptionist duties such as filing, photocopying, transcribing and faxing.Answer, screen and forward incoming phone calls."
272,272,"Cheyenne, WY",Receptionist/Kennel Technician,Broadmoor East LLC,$12 - $14 an hour,"In this role, you do more than cleaning and disinfecting our kennels — you also learn animal care and behavior basics while assisting our team with…"
273,273,"Cheyenne, WY",Payroll Administrator,Tyrrell Auto Centers,$17 - $20 an hour,"This individual will be responsible for calculating payroll, managing direct deposits, benefits withholding, payroll deductions, garnishments, federal payroll…"
274,274,"Cheyenne, WY",Eye Technician,Cheyenne Eye Clinic,$16 - $18 an hour,Self-study is required to obtain/maintain ophthalmic technician certification within 18 months of employment.Answer and return phone calls and write scripts as…
275,275,"Cheyenne, WY",Warehouse Package Handler,FedEx Ground PH US,,FedEx Ground is hiring part-time and full-time individuals to load and unload packages in our fast-paced warehouse environment.
276,276,"Cheyenne, WY",Office Assistant I,State of Wyoming,$12.57 - $16.20 an hour,Knowledge of telephone etiquette and coordinating telephone and visitor traffic.The Interlibrary Loan Technician will spend a significant amount of time…
277,277,"Cheyenne, WY",Career Opportunities,Bish's RV Cheyenne,,"Comprehensive benefits package including medical, vision, dental, and other supplemental coverages."
278,278,"Cheyenne, WY",CITY CARRIER ASSISTANT,United States Postal Service,$17.29 an hour,"DRIVING REQUIRED: Applicants must have a valid state driver’s license, a safe driving record, and at least two years of.Registered and certain insured mail."
279,279,"Cheyenne, WY",Bookseller - Part-Time,Barnes & Noble,,"Ensure all customer transactions are processed accurately and in a timely manner.Greet and establish rapport with customers, proactively engaging them in…"
280,280,"Cheyenne, WY",TeleScribe,ScribeAmerica,,"Provide advanced support to providers, including documenting phone calls, alerting the physician when labs/radiology reports are complete, monitoring document…"
281,281,"Cheyenne, WY",Crew Member/Warehouse Team,Johnson Storage & Moving Co.,$15 - $21 an hour,"Cleans the truck or vehicle used during the move, after the move is completed.Display professional conduct, courtesy and manners, when entering and performing…"
282,282,"Cheyenne, WY",Forklift Operator! NOW STARTING AT $18/HR!,"The TJX Companies, Inc.",From $18 an hour,TJX also provides reasonable accommodations to qualified individuals with disabilities in accordance with the Americans with Disabilities Act and applicable…
283,283,"Cheyenne, WY",Plant Scheduler/Customer Service,DyStar,$18 - $20 an hour,Maintains data entry requirements to process and complete bill of materials in ERP system.Completes all paperwork necessary for each customer order complying…
284,284,"Cheyenne, WY",General Warehouse Associates Hiring Event,Sierra,$15 - $19 an hour,"Don’t mind keeping active and handling objects as low as the floor and as high as the thigh, waist and shoulder.Ticket clothing, accessories, and other items."
285,285,"Cheyenne, WY",Receptionist/Administrative Assistant,Tyrrell Auto Centers,$12 - $25 an hour,"Perform other clerical receptionist duties such as filing, photocopying, transcribing and faxing.Answer, screen and forward incoming phone calls."
286,286,"Cheyenne, WY",Find jobs with Flexible Hours!,Indeed Gigs,,"Whether it’s hiring for online work from home, part time, entry level or no experience jobs, you get to have flexible schedule!"
287,287,"Cheyenne, WY",Receptionist/Kennel Technician,Broadmoor East LLC,$12 - $14 an hour,"In this role, you do more than cleaning and disinfecting our kennels — you also learn animal care and behavior basics while assisting our team with…"
288,288,"Cheyenne, WY",Eye Technician,Cheyenne Eye Clinic,$16 - $18 an hour,Self-study is required to obtain/maintain ophthalmic technician certification within 18 months of employment.Answer and return phone calls and write scripts as…
289,289,"Cheyenne, WY",,Barney Trucking,"$1,500 a week","10 PTO days and 6 Paid Holidays per year.Medical, Dental, Vision, Life Insurance & 401K.Orientation Pay + Breakdown Pay."
290,290,"Cheyenne, WY",Cashier,Chipotle,,"Free food (yes, really FREE).Tuition assistance (100% coverage for select degrees or up to $5,250/year).Medical, dental, and vision insurance."
291,291,"Cheyenne, WY",Freight Handler,Walmart DC 7077,$19.55 - $23.25 an hour,You will be lifting heavy cases in extreme climates.Handles and processes freight in a safe and correct manner through the facility to the Stores.
292,292,"Cheyenne, WY",Client Service Representative/Veterinary Assistant,Avenues Pet Clinic,$12 - $14 an hour,"You'll have regular client contact, answering phones, scheduling appointments, checking clients in and out, providing education and utilizing a variety of other…"
293,293,"Cheyenne, WY",Network Manager,Western Vista Credit Union,"$58,500 - $87,800 a year","(1) A bachelor's degree, or (2) achievement of formal certifications recognized in the industry as equivalent to a bachelor's degree (e.g. information…"
294,294,"Cheyenne, WY",Crew,Chipotle,,"Free food (yes, really FREE).Tuition assistance (100% coverage for select degrees or up to $5,250/year).Medical, dental, and vision insurance."
295,295,"Cheyenne, WY",Janitorial Worker,Big D Oil Company,$15 - $17 an hour,Stock and maintain supply rooms.Notify management of occurring deficiencies or needs for repairs.Make adjustments and minor repairs.
296,296,"Cheyenne, WY",Warehouse Distribution Team Member – All Shifts,Lowe's,,"Experience operating power equipment (e.g., forklift, reach truck, yard truck).Discounts available to various merchants and service providers including…"
297,297,"Cheyenne, WY",Warehouse Package Handler,FedEx Ground PH US,,FedEx Ground is hiring part-time and full-time individuals to load and unload packages in our fast-paced warehouse environment.
298,298,"Cheyenne, WY",Team Member,Chipotle,,"Free food (yes, really FREE).Tuition assistance (100% coverage for select degrees or up to $5,250/year).Medical, dental, and vision insurance."
299,299,"Cheyenne, WY",Server,Chipotle,,"Free food (yes, really FREE).Tuition assistance (100% coverage for select degrees or up to $5,250/year).Medical, dental, and vision insurance."
300,300,"Cheyenne, WY",Receptionist/Administrative Assistant,Tyrrell Auto Centers,$12 - $25 an hour,"Perform other clerical receptionist duties such as filing, photocopying, transcribing and faxing.Answer, screen and forward incoming phone calls."
301,301,"Cheyenne, WY",Receptionist/Kennel Technician,Broadmoor East LLC,$12 - $14 an hour,"In this role, you do more than cleaning and disinfecting our kennels — you also learn animal care and behavior basics while assisting our team with…"
302,302,"Cheyenne, WY",Freight Handler,Walmart DC 7077,$19.55 - $23.25 an hour,You will be lifting heavy cases in extreme climates.Handles and processes freight in a safe and correct manner through the facility to the Stores.
303,303,"Cheyenne, WY",Office Assistant I,State of Wyoming,$12.57 - $16.20 an hour,Knowledge of telephone etiquette and coordinating telephone and visitor traffic.The Interlibrary Loan Technician will spend a significant amount of time…
304,304,"Cheyenne, WY",Warehouse Package Handler,FedEx Ground PH US,,FedEx Ground is hiring part-time and full-time individuals to load and unload packages in our fast-paced warehouse environment.
305,305,"Cheyenne, WY",,Chipotle,,"Free food (yes, really FREE).Tuition assistance (100% coverage for select degrees or up to $5,250/year).Medical, dental, and vision insurance."
306,306,"Cheyenne, WY",Career Opportunities,Bish's RV Cheyenne,,"Comprehensive benefits package including medical, vision, dental, and other supplemental coverages."
307,307,"Cheyenne, WY",Bookseller - Part-Time,Barnes & Noble,,"Ensure all customer transactions are processed accurately and in a timely manner.Greet and establish rapport with customers, proactively engaging them in…"
308,308,"Cheyenne, WY",Front Desk Associate,Fitness 307,$9 - $10 an hour,Several part time day and night shifts available with some weekends.Full time a possibility to the right candidate.
309,309,"Cheyenne, WY",CITY CARRIER ASSISTANT,United States Postal Service,$17.29 an hour,"DRIVING REQUIRED: Applicants must have a valid state driver’s license, a safe driving record, and at least two years of.Registered and certain insured mail."
310,310,"Cheyenne, WY",Crew Member/Warehouse Team,Johnson Storage & Moving Co.,$15 - $21 an hour,"Cleans the truck or vehicle used during the move, after the move is completed.Display professional conduct, courtesy and manners, when entering and performing…"
311,311,"Cheyenne, WY",eTeller,Blue Federal Credit Union,,"Promptly, accurately and efficiently process member financial transactions including but not limited to: deposits , withdrawals, check cashing , cash advances,…"
312,312,"Cheyenne, WY",Property Office Specialist,Laramie County,$14.89 an hour,"Performs cash handling duties including processing cash, check and credit card payments.Answers the telephone; provides the public with general information…"
313,313,"Cheyenne, WY",Business Office Clerk,Adams Publishing Group,,Works closely with department manager to ensure accurate recording of business transactions.This position will be heavily involved in budget development and…
314,314,"Cheyenne, WY",Recreation Specialist-Adult and Youth Sports,City Of Cheyenne,"$41,425 - $52,475 a year","Possession of, or ability to obtain, an appropriate driver’s license.Bachelor’s degree from an accredited college or university with major course work in…"
315,315,"Cheyenne, WY",Receptionist/Administrative Assistant,Tyrrell Auto Centers,$12 - $25 an hour,"Perform other clerical receptionist duties such as filing, photocopying, transcribing and faxing.Answer, screen and forward incoming phone calls."
316,316,"Cheyenne, WY",Find jobs with Flexible Hours!,Indeed Gigs,,"Whether it’s hiring for online work from home, part time, entry level or no experience jobs, you get to have flexible schedule!"
317,317,"Cheyenne, WY",Receptionist/Kennel Technician,Broadmoor East LLC,$12 - $14 an hour,"In this role, you do more than cleaning and disinfecting our kennels — you also learn animal care and behavior basics while assisting our team with…"
318,318,"Cheyenne, WY",Eye Technician,Cheyenne Eye Clinic,$16 - $18 an hour,Self-study is required to obtain/maintain ophthalmic technician certification within 18 months of employment.Answer and return phone calls and write scripts as…
319,319,"Cheyenne, WY",,Barney Trucking,"$1,500 a week","10 PTO days and 6 Paid Holidays per year.Medical, Dental, Vision, Life Insurance & 401K.Orientation Pay + Breakdown Pay."
320,320,"Cheyenne, WY",Cashier,Chipotle,,"Free food (yes, really FREE).Tuition assistance (100% coverage for select degrees or up to $5,250/year).Medical, dental, and vision insurance."
321,321,"Cheyenne, WY",Freight Handler,Walmart DC 7077,$19.55 - $23.25 an hour,You will be lifting heavy cases in extreme climates.Handles and processes freight in a safe and correct manner through the facility to the Stores.
322,322,"Cheyenne, WY",Client Service Representative/Veterinary Assistant,Avenues Pet Clinic,$12 - $14 an hour,"You'll have regular client contact, answering phones, scheduling appointments, checking clients in and out, providing education and utilizing a variety of other…"
323,323,"Cheyenne, WY",Warehouse Package Handler,FedEx Ground PH US,,FedEx Ground is hiring part-time and full-time individuals to load and unload packages in our fast-paced warehouse environment.
324,324,"Cheyenne, WY",Network Manager,Western Vista Credit Union,"$58,500 - $87,800 a year","(1) A bachelor's degree, or (2) achievement of formal certifications recognized in the industry as equivalent to a bachelor's degree (e.g. information…"
325,325,"Cheyenne, WY",Janitorial Worker,Big D Oil Company,$15 - $17 an hour,Stock and maintain supply rooms.Notify management of occurring deficiencies or needs for repairs.Make adjustments and minor repairs.
326,326,"Cheyenne, WY",Crew,Chipotle,,"Free food (yes, really FREE).Tuition assistance (100% coverage for select degrees or up to $5,250/year).Medical, dental, and vision insurance."
327,327,"Cheyenne, WY",Warehouse Distribution Team Member – All Shifts,Lowe's,,"Experience operating power equipment (e.g., forklift, reach truck, yard truck).Discounts available to various merchants and service providers including…"
328,328,"Cheyenne, WY",Medical Billing Specialist,"The Office Assistant, LLC",$12 - $15 an hour,"Answer and route incoming phone calls.Answering and routing incoming calls.Associates Degree in Medical Billing, Allied Health, Finance, or closely related…"
329,329,"Cheyenne, WY",Team Member,Chipotle,,"Free food (yes, really FREE).Tuition assistance (100% coverage for select degrees or up to $5,250/year).Medical, dental, and vision insurance."
330,330,"Cheyenne, WY",Receptionist/Administrative Assistant,Tyrrell Auto Centers,$12 - $25 an hour,"Perform other clerical receptionist duties such as filing, photocopying, transcribing and faxing.Answer, screen and forward incoming phone calls."
331,331,"Cheyenne, WY",Receptionist/Kennel Technician,Broadmoor East LLC,$12 - $14 an hour,"In this role, you do more than cleaning and disinfecting our kennels — you also learn animal care and behavior basics while assisting our team with…"
332,332,"Cheyenne, WY",Eye Technician,Cheyenne Eye Clinic,$16 - $18 an hour,Self-study is required to obtain/maintain ophthalmic technician certification within 18 months of employment.Answer and return phone calls and write scripts as…
333,333,"Cheyenne, WY",Freight Handler,Walmart DC 7077,$19.55 - $23.25 an hour,You will be lifting heavy cases in extreme climates.Handles and processes freight in a safe and correct manner through the facility to the Stores.
334,334,"Cheyenne, WY",,Chipotle,,"Free food (yes, really FREE).Tuition assistance (100% coverage for select degrees or up to $5,250/year).Medical, dental, and vision insurance."
335,335,"Cheyenne, WY",Crew,Chipotle,,"Free food (yes, really FREE).Tuition assistance (100% coverage for select degrees or up to $5,250/year).Medical, dental, and vision insurance."
336,336,"Cheyenne, WY",Office Assistant I,State of Wyoming,$12.57 - $16.20 an hour,Knowledge of telephone etiquette and coordinating telephone and visitor traffic.The Interlibrary Loan Technician will spend a significant amount of time…
337,337,"Cheyenne, WY",Team Member,Chipotle,,"Free food (yes, really FREE).Tuition assistance (100% coverage for select degrees or up to $5,250/year).Medical, dental, and vision insurance."
338,338,"Cheyenne, WY",Server,Chipotle,,"Free food (yes, really FREE).Tuition assistance (100% coverage for select degrees or up to $5,250/year).Medical, dental, and vision insurance."
339,339,"Cheyenne, WY","Case Manager, Community Corrections",CoreCivic,,A valid driver's license is required.Graduate from an accredited college or university with a Bachelor's degree in human services or related field is required.
340,340,"Cheyenne, WY",Warehouse Package Handler,FedEx Ground PH US,,FedEx Ground is hiring part-time and full-time individuals to load and unload packages in our fast-paced warehouse environment.
341,341,"Cheyenne, WY",Warehouse Distribution Team Member – All Shifts,Lowe's,,"Experience operating power equipment (e.g., forklift, reach truck, yard truck).Discounts available to various merchants and service providers including…"
342,342,"Cheyenne, WY",Career Opportunities,Bish's RV Cheyenne,,"Comprehensive benefits package including medical, vision, dental, and other supplemental coverages."
343,343,"Cheyenne, WY",Bookseller - Part-Time,Barnes & Noble,,"Ensure all customer transactions are processed accurately and in a timely manner.Greet and establish rapport with customers, proactively engaging them in…"
344,344,"Cheyenne, WY",Front Desk Associate,Fitness 307,$9 - $10 an hour,Several part time day and night shifts available with some weekends.Full time a possibility to the right candidate.
345,345,"Cheyenne, WY",Receptionist/Administrative Assistant,Tyrrell Auto Centers,$12 - $25 an hour,"Perform other clerical receptionist duties such as filing, photocopying, transcribing and faxing.Answer, screen and forward incoming phone calls."
346,346,"Cheyenne, WY",Receptionist/Kennel Technician,Broadmoor East LLC,$12 - $14 an hour,"In this role, you do more than cleaning and disinfecting our kennels — you also learn animal care and behavior basics while assisting our team with…"
347,347,"Cheyenne, WY",Freight Handler,Walmart DC 7077,$19.55 - $23.25 an hour,You will be lifting heavy cases in extreme climates.Handles and processes freight in a safe and correct manner through the facility to the Stores.
348,348,"Cheyenne, WY",,Chipotle,,"Free food (yes, really FREE).Tuition assistance (100% coverage for select degrees or up to $5,250/year).Medical, dental, and vision insurance."
349,349,"Cheyenne, WY",Office Assistant I,State of Wyoming,$12.57 - $16.20 an hour,Knowledge of telephone etiquette and coordinating telephone and visitor traffic.The Interlibrary Loan Technician will spend a significant amount of time…
350,350,"Cheyenne, WY",Warehouse Package Handler,FedEx Ground PH US,,FedEx Ground is hiring part-time and full-time individuals to load and unload packages in our fast-paced warehouse environment.
351,351,"Cheyenne, WY",Bookseller - Part-Time,Barnes & Noble,,"Ensure all customer transactions are processed accurately and in a timely manner.Greet and establish rapport with customers, proactively engaging them in…"
352,352,"Cheyenne, WY",Career Opportunities,Bish's RV Cheyenne,,"Comprehensive benefits package including medical, vision, dental, and other supplemental coverages."
353,353,"Cheyenne, WY",Front Desk Associate,Fitness 307,$9 - $10 an hour,Several part time day and night shifts available with some weekends.Full time a possibility to the right candidate.
354,354,"Cheyenne, WY",Magpul Firearms Accessories Assembly,ResourceMFG,$16.08 an hour,You will be responsible for assembling weapons accessories manually and with pneumatic tools and hand tools in a lean production environment.
355,355,"Cheyenne, WY",CITY CARRIER ASSISTANT,United States Postal Service,$17.29 an hour,"DRIVING REQUIRED: Applicants must have a valid state driver’s license, a safe driving record, and at least two years of.Registered and certain insured mail."
356,356,"Cheyenne, WY",Crew Member/Warehouse Team,Johnson Storage & Moving Co.,$15 - $21 an hour,"Cleans the truck or vehicle used during the move, after the move is completed.Display professional conduct, courtesy and manners, when entering and performing…"
357,357,"Cheyenne, WY",eTeller,Blue Federal Credit Union,,"Promptly, accurately and efficiently process member financial transactions including but not limited to: deposits , withdrawals, check cashing , cash advances,…"
358,358,"Cheyenne, WY",Property Office Specialist,Laramie County,$14.89 an hour,"Performs cash handling duties including processing cash, check and credit card payments.Answers the telephone; provides the public with general information…"
359,359,"Cheyenne, WY",Recreation Specialist-Adult and Youth Sports,City Of Cheyenne,"$41,425 - $52,475 a year","Possession of, or ability to obtain, an appropriate driver’s license.Bachelor’s degree from an accredited college or university with major course work in…"
360,360,"Cheyenne, WY",Receptionist/Administrative Assistant,Tyrrell Auto Centers,$12 - $25 an hour,"Perform other clerical receptionist duties such as filing, photocopying, transcribing and faxing.Answer, screen and forward incoming phone calls."
361,361,"Cheyenne, WY",Receptionist/Kennel Technician,Broadmoor East LLC,$12 - $14 an hour,"In this role, you do more than cleaning and disinfecting our kennels — you also learn animal care and behavior basics while assisting our team with…"
362,362,"Cheyenne, WY",Eye Technician,Cheyenne Eye Clinic,$16 - $18 an hour,Self-study is required to obtain/maintain ophthalmic technician certification within 18 months of employment.Answer and return phone calls and write scripts as…
363,363,"Cheyenne, WY",Freight Handler,Walmart DC 7077,$19.55 - $23.25 an hour,You will be lifting heavy cases in extreme climates.Handles and processes freight in a safe and correct manner through the facility to the Stores.
364,364,"Cheyenne, WY",,Chipotle,,"Free food (yes, really FREE).Tuition assistance (100% coverage for select degrees or up to $5,250/year).Medical, dental, and vision insurance."
365,365,"Cheyenne, WY",Office Assistant I,State of Wyoming,$12.57 - $16.20 an hour,Knowledge of telephone etiquette and coordinating telephone and visitor traffic.The Interlibrary Loan Technician will spend a significant amount of time…
366,366,"Cheyenne, WY",Crew,Chipotle,,"Free food (yes, really FREE).Tuition assistance (100% coverage for select degrees or up to $5,250/year).Medical, dental, and vision insurance."
367,367,"Cheyenne, WY",Warehouse Package Handler,FedEx Ground PH US,,FedEx Ground is hiring part-time and full-time individuals to load and unload packages in our fast-paced warehouse environment.
368,368,"Cheyenne, WY",Team Member,Chipotle,,"Free food (yes, really FREE).Tuition assistance (100% coverage for select degrees or up to $5,250/year).Medical, dental, and vision insurance."
369,369,"Cheyenne, WY",Server,Chipotle,,"Free food (yes, really FREE).Tuition assistance (100% coverage for select degrees or up to $5,250/year).Medical, dental, and vision insurance."
370,370,"Cheyenne, WY","Case Manager, Community Corrections",CoreCivic,,A valid driver's license is required.Graduate from an accredited college or university with a Bachelor's degree in human services or related field is required.
371,371,"Cheyenne, WY",Career Opportunities,Bish's RV Cheyenne,,"Comprehensive benefits package including medical, vision, dental, and other supplemental coverages."
372,372,"Cheyenne, WY",Bookseller - Part-Time,Barnes & Noble,,"Ensure all customer transactions are processed accurately and in a timely manner.Greet and establish rapport with customers, proactively engaging them in…"
373,373,"Cheyenne, WY",Warehouse Distribution Team Member – All Shifts,Lowe's,,"Experience operating power equipment (e.g., forklift, reach truck, yard truck).Discounts available to various merchants and service providers including…"
374,374,"Cheyenne, WY",Front Desk Associate,Fitness 307,$9 - $10 an hour,Several part time day and night shifts available with some weekends.Full time a possibility to the right candidate.
